"SchoolName","Address","Pincode","ContactEmail","ContactPhone","Website","GMapLink","PlaceID"
"Haji Mudarich Ali Memorial Academy","PRPH+WHF, 13, Part-IV, Saidpur, Silchar, Sonabarighat Pt II, Assam 788013, India","788013","NA","NA","NA","https://maps.google.com/?cid=7871129395402457298","ChIJLQOEYDxJTjcR0kAZanveO20"
"Spring Dales Academy: Bhangarpar","WMJ6+CMJ, Unnamed Road, Bhangerpar Pt IV, Assam 788817, India","788817","NA","NA","https://springdalesacademy.co.in/","https://maps.google.com/?cid=15390061582025217597","ChIJr8Q5RMPNTzcRPdb_A3h7lNU"
"Adarsha Bidya Niketan","MPHP+CR8, Choto Jalenga Pt I, Assam 788011, India","788011","NA","NA","NA","https://maps.google.com/?cid=4934641310894375176","ChIJJaojBps5TjcRCMHTnSBee0Q"
"HAJI A. N. Laskar Udayan Bidyapit, Bhangarpar","WMC6+5MP, Bhangarpar Rd, Bhangerpar Pt V, Assam 788110, India","788110","NA","NA","NA","https://maps.google.com/?cid=10365069688706410983","ChIJb8GjrXHNTzcR56mDI_cf2I8"
"Gandhi Memorial Vidyapith","XH5V+273, Kalain, Manipur Pt I, Assam 788815, India","788815","NA","NA","NA","https://maps.google.com/?cid=6473943076065431097","ChIJWzjR3XbTTzcROc76YO0Q2Fk"
"St. Vianney High School","XJ45+X8J, Burunga Pt I, Assam 788817, India","788817","NA","NA","NA","https://maps.google.com/?cid=12562252315264982369","ChIJE22GEhLSTzcRYZ0yTuwVVq4"
"Chandranathpur High School","Chandranathpur, 95 Bsf Camp Damchera, Assam 788817, India","788817","NA","NA","NA","https://maps.google.com/?cid=6314143370189966553","ChIJIeLHq-HNTzcR2YwPAfFXoFc"
"Sishu Bikash Kendra, Gonirgram","VM2C+45W, Unnamed Road, Nischintapur, Sridharpur, Assam 788025, India","788025","NA","NA","NA","https://maps.google.com/?cid=2871189751851392374","ChIJeXcIk1UzTjcRdh3Y-d2D2Cc"
"Adarsha Vidyalaya","gobindaput (II), P.O-Gobindapur west, VJQH+2W2, Tarinipur Pt III, Assam 788804, India","788804","NA","NA","NA","https://maps.google.com/?cid=12630608739678348204","ChIJJWsSD07NTzcRrON4mbrvSK8"
"Sunrise English High School","kunjabasti, silchar Road, pailapool, Lalangkitta Labocpar Pt I, Assam 788098, India","788098","NA","NA","http://www.sunriseenglishschool.com/","https://maps.google.com/?cid=11794791946349030277","ChIJj9VI2n9UTjcRhavFociEr6M"
"Katigorah Senior Secondary School","CHERAGI BAZAR Niz Katigorah pt iii, Katigara, Niz Katigorah Pt III, Assam 788805, India","788805","NA","098545 63612","NA","https://maps.google.com/?cid=12648515051647271150","ChIJYbenGbUsTjcR7gCevWyNiK8"
"Deshabandhu Vidya Niketan","XM42+P4G, Ujangram-Dholcherra Rd, Sewti Pt I, Assam 788817, India","788817","NA","NA","NA","https://maps.google.com/?cid=16102778526753824610","ChIJJyoEC3nNTzcRYh_z_8CPeN8"
"Saraswati Vidya Niketan","WPQ7+675, Jarailtala, Assam 788127, India","788127","NA","NA","NA","https://maps.google.com/?cid=18236347875646646992","ChIJ7_mbHZrLTzcR0CpeyMWFFP0"
"Vivekananda Shishu Vihar","Khelma Rd, Khelma Pt VI, Khelma Pt VII, Assam 788815, India","788815","NA","NA","NA","https://maps.google.com/?cid=453711630528489656","ChIJ85J7wx_UTzcRuCgd-FLoSwY"
"Al Ameen Academy, Badarpur.","Dawat Nagar, Badarpur, Assam 788806, India","788806","NA","088227 89998","https://alameenbadarpur.in/","https://maps.google.com/?cid=9847737965775385993","ChIJz2qYVrcsTjcRiXUrG4Exqog"
"Nazrul Academy","PCW2+WW8, Nazrul Academy Rd, Dhaka 1000, Bangladesh","NA","NA","02-58310079","NA","https://maps.google.com/?cid=13675763705464213393","ChIJJ8rOz5G4VTcRkc9fAKISyr0"
"Kinnakhal Bazar","WF8X+GW4, Chandi Nagar Pt II, Assam 788805, India","788805","NA","NA","NA","https://maps.google.com/?cid=11019383508639419179","ChIJlZv6BVHVTzcRKwtA_Oq27Jg"
"Jupiter high School, Kalain","XH68+9H6, Hatigarh - Kalain Rd, Baraitoli Pt I, Assam 788815, India","788815","NA","NA","NA","https://maps.google.com/?cid=13992607723036945930","ChIJ4Zvz96DTTzcRCi4BjZa6L8I"
"Janata vidyapith, natanpur","XH26+J8V, Digabor Tea Garden Road, Baraitoli Pt II, Baraitoli Pt I, Assam 788815, India","788815","NA","NA","NA","https://maps.google.com/?cid=1015109613917194415","ChIJ52Ad9pXTTzcRr0ieydBkFg4"
"Al aman academy","XHC4+2M3, NH 44, Tarapur, Assam 788815, India","788815","NA","NA","https://alaman-academy.in/","https://maps.google.com/?cid=9913352383617292130","ChIJL0HY3ebTTzcRYtfHPnhNk4k"
"Adarsha Vidyapith","XH8C+H69, Kalain Rd, Kalain, Assam 788815, India","788815","NA","086386 53675","NA","https://maps.google.com/?cid=18154949717875419497","ChIJV0LEPNDTTzcRaekKUZRW8_s"
"Little Flower School","XH9C+7PP, Unnamed Road, Kalain, Assam 788815, India","788815","NA","NA","NA","https://maps.google.com/?cid=8363579096962041309","ChIJbVV0fcvTTzcR3QVOZeBmEXQ"
"Universal Academy","Kalain, Assam 788815, India","788815","NA","094352 85965","NA","https://maps.google.com/?cid=10165118052456273747","ChIJuX0fttHTTzcRUxeR-ALBEY0"
"MOJO CENTRAL SCHOOL","Digabor Tea Garden Road, Kalain, Assam 788815, India","788815","NA","097060 20070","NA","https://maps.google.com/?cid=10490165459456172114","ChIJ-d1VfrrTTzcRUiD19eeNlJE"
"Galaxy Ideal School","XH8C+PWQ, Kalain, Assam 788815, India","788815","NA","098598 04842","NA","https://maps.google.com/?cid=16671347717145322772","ChIJjWaLudHTTzcRFGV3j2uGXOc"
"Netaji Vidya Niketan","Silchar-Kalain Road, Dhumkar, XH7H+XVV, Kalain, Assam 788815, India","788815","NA","NA","NA","https://maps.google.com/?cid=18311558885381641943","ChIJ2e3mFCjTTzcR1xbSlsm5H_4"
"Talent School of Studies","Dhumkar, Kalain, Assam 788815, India","788815","NA","NA","NA","https://maps.google.com/?cid=15035343112034604756","ChIJ_ay1PDfTTzcR1FbwVOZEqNA"
"Bharat Nirman Vidyapith","XH87+GWG, Tarapur, Kalain, Assam 788815, India","788815","NA","NA","NA","https://maps.google.com/?cid=3817621952449642627","ChIJ1xVjgSLTTzcRg4B-avDq-jQ"
"Pragati Vidya Niketan, Niz Katigorah Part II","🚉, near, Station Rd, near Sukritipur railway station 🚉, Part II, Niz, Katigara, Siddeswar Pt II, Assam 788805, India","788805","NA","NA","NA","https://maps.google.com/?cid=2520494952354343284","ChIJcwQkp-DTTzcRdOk-Fc6Y-iI"
"Model Academy Lathimara","VHJ3+7Q9, Lathimara, Assam 788805, India","788805","NA","NA","NA","https://maps.google.com/?cid=10728821402930931395","ChIJX7UsmNEtTjcRw2ZO5Dhu5JQ"
"Jyoti Academy Mohanpur","Kalain Rd, Sewti Pt II, Assam 788817, India","788817","NA","NA","NA","https://maps.google.com/?cid=10890279601994368270","ChIJG_gWzbnNTzcRDoWOTZkLIpc"
"Adarsha Vidyapith","XH8C+H69, Kalain Rd, Kalain, Assam 788815, India","788815","NA","086386 53675","NA","https://maps.google.com/?cid=18154949717875419497","ChIJV0LEPNDTTzcRaekKUZRW8_s"
"Model Academy Lathimara","VHJ3+7Q9, Lathimara, Assam 788805, India","788805","NA","NA","NA","https://maps.google.com/?cid=10728821402930931395","ChIJX7UsmNEtTjcRw2ZO5Dhu5JQ"
"Dr. Radhakrishnan Academy","XFX3+FX8, Talkar Grant, Assam 788816, India","788816","NA","NA","NA","https://maps.google.com/?cid=10598525003892893934","ChIJC0xyOOEpUDcR7qghcFaGFZM"
"Bethlehem English School","Road, Noagang, Tripura 799253, India","799253","NA","098629 62356","NA","https://maps.google.com/?cid=8955475628339815809","ChIJ0YrG5kvtUTcRgeXcxaI9SHw"
"Jana Kalyan Driving Training School","VH7C+3C5, Unnamed Road, Jumbasti, Srinagar Colony, Badarpur Rly Town, Badarpur, Assam 788806, India","788806","NA","NA","NA","https://maps.google.com/?cid=3195864299608991591","ChIJ2djEjM4tTjcRZ-eL6KX9WSw"
"Al aman academy","XHC4+2M3, NH 44, Tarapur, Assam 788815, India","788815","NA","NA","https://alaman-academy.in/","https://maps.google.com/?cid=9913352383617292130","ChIJL0HY3ebTTzcRYtfHPnhNk4k"
"Saraswati Vidya Niketan, Malugram","RRQ4+R96, Itkhola, Tarapur, Rongpur Pt IV, Silchar, Assam 788002, India","788002","NA","NA","NA","https://maps.google.com/?cid=6207962502296584630","ChIJ1cuSytVLTjcRtkFVMAEdJ1Y"
"Sadirkhal M. E. School","XF2P+F45, Sadirkhal bazaar, Sadirkhal, Saidpur Pt I, Assam 788815, India","788815","NA","NA","NA","https://maps.google.com/?cid=873383164624625345","ChIJN3up5RvVTzcRwd5BYFzhHgw"
"RISING CHILD ACADEMY","XF2P+H9R, Sadirkhal, Kalain, Saidpur Pt I, Assam 788815, India","788815","NA","NA","NA","https://maps.google.com/?cid=11651868133419248139","ChIJmYyVkpPVTzcRC-olRlXAs6E"
"SARADA VIDYAPITH","XGP9+6F8, NH6, Gobindakupa, Khelma Pt VIII, Assam 788815, India","788815","NA","NA","NA","https://maps.google.com/?cid=196731741439378520","ChIJxV1VlJjWTzcRWMSJ_HnuugI"
"Umrongso Royal Academy","Umrangso, Assam 788931, India","788931","NA","094355 77594","http://www.facebook.com/UmrongsoRoyalAcademy","https://maps.google.com/?cid=10313408457370412234","ChIJBYmJ9qbzTzcRyqQSZVmWII8"
"Adarsha Vidyalaya, Aloicherra","9HQ4+XPV, Alaicherra Pt V, Assam 788165, India","788165","NA","NA","NA","https://maps.google.com/?cid=9463865788165629365","ChIJdZTOf-kbTjcRtaWV6cpnVoM"
"DIAMANTE ENGLISH ACADEMY","Niz Hari Tikar Pt II, Assam 788805, India","788805","NA","NA","NA","https://maps.google.com/?cid=4519743848907390913","ChIJh_HA1TIrTjcRwb_hfRVbuT4"
"Al Mahmud English School","VGGQ+PJM, Nazat Pur, Assam 788805, India","788805","NA","NA","NA","https://maps.google.com/?cid=16623396992420962728","ChIJbSR8CFcrTjcRqGGMdX0rsuY"
"Unique Model Academy","TRK Road, 788802, Tarinipur Pt III, Assam 788025, India","788802","NA","NA","NA","https://maps.google.com/?cid=7959006215069499772","ChIJrwarIk3NTzcRfAFY5vsRdG4"
"Sri Sri gnan mandir school","Vill-masimpur, VQJ7+VQG, Masimpur Bagicha, Assam 788003, India","788003","NA","NA","NA","https://maps.google.com/?cid=5213472830706258472","ChIJ4xqjpKXLTzcRKJJl2Or5WUg"
"Holy Flower High School","VHGH+V7J, Uttarbadarpur, Assam 788805, India","788805","NA","097646 28028","NA","https://maps.google.com/?cid=14828279471347267687","ChIJt4iMyigtTjcRZ_jel52hyM0"
"Al Hilal Islamic Academy","Sunapur pakka masjid... Darul qirat building Bhangarpar, hospital road, WMMC+MJP, Rangar Pt I, Assam 788817, India","788817","NA","NA","NA","https://maps.google.com/?cid=5639668183840313677","ChIJHRrKxyvNTzcRTdHfPFUgRE4"
"Ideal Academy","2R5X+X5X, Markaz Rd, Hojai, Assam 782435, India","782435","NA","NA","NA","https://maps.google.com/?cid=9100966614240237978","ChIJR4EoJQJrRTcRmpl6quogTX4"
"Shining Academy","QCPG+V5R, Bagbari, Assam 788720, India","788720","NA","NA","NA","https://maps.google.com/?cid=7898488335065425350","ChIJO_BXVwDXUTcRxiUk8koRnW0"
"PANCHGRAM ADARSHA VIDYAPITH","VJ62+3PV, Panchgram, Assam 788802, India","788802","NA","NA","NA","https://maps.google.com/?cid=12743395247319699094","ChIJgU2oQ_YtTjcRlk7kxHWi2bA"
"Al Ameen Model Academy","RQJ3+4J3, pt 4, Tarapur, Silchar, Assam 788003, India","788003","NA","NA","https://alameensilchar.in/","https://maps.google.com/?cid=1828441794847906978","ChIJQ_9nOSpLTjcRohxj-h_uXxk"
"Adarsha Vidyapith","XH8C+H69, Kalain Rd, Kalain, Assam 788815, India","788815","NA","086386 53675","NA","https://maps.google.com/?cid=18154949717875419497","ChIJV0LEPNDTTzcRaekKUZRW8_s"
"IQRA ACADEMY, KATIGORAH","VHJ4+CFV, Cheragi Bazar, Niz Katigorah Pt III, Lathimara, Assam 788805, India","788805","NA","NA","http://facebook.com/iqraacademy.org","https://maps.google.com/?cid=8852994499798760926","ChIJk6pOwrQsTjcR3v39ppcn3Ho"
"Saraswati Vidya Niketan","WPQ7+675, Jarailtala, Assam 788127, India","788127","NA","NA","NA","https://maps.google.com/?cid=18236347875646646992","ChIJ7_mbHZrLTzcR0CpeyMWFFP0"
"Orchid hs school","WMXW+7VV, Jarailtala, Bhitor Gangapur Pt II, Assam 788127, India","788127","NA","NA","NA","https://maps.google.com/?cid=4700230933416366372","ChIJMZ7SDgDNTzcRJNGVjCGTOkE"
"Janakalyan Vidhyaniketan Jagadishpur pt V Katigorah cachar Assam","VHR9+22M, Jagadishpur, Katigara, Niz Katigorah Pt III, Assam 788805, India","788805","NA","NA","NA","https://maps.google.com/?cid=4223458651036606616","ChIJUzspB8vTTzcRmGCWKkS9nDo"
"NEHRU ACADEMY","WHHP+8G8, KK Rd, Niz Katigorah Pt I, Katirail T.E., Assam 788805, India","788805","NA","NA","NA","https://maps.google.com/?cid=15737055316146706242","ChIJceOEdoHTTzcRQteYeW5AZdo"
"Adarsha Vidyalaya Borobazar, Bhumkipara","JJ3W+48J, Simlaguri, Assam 783393, India","783393","NA","NA","NA","https://maps.google.com/?cid=2133757024597988581","ChIJ8-grrG8DWTcR5VQocLWgnB0"
"East Karaikandi Road","E Karaikandi Rd, Assam 788101, India","788101","NA","NA","NA","https://maps.google.com/?q=E+Karaikandi+Rd,+Assam+788101,+India&ftid=0x374e4db42ae1e351:0xef8f080ed0095381","ChIJUePhKrRNTjcRgVMJ0A4Ij-8"
"Royal convent English school","101 No, Sibpur Rd, Sibpur Part I, Assam 788101, India","788101","NA","NA","NA","https://maps.google.com/?cid=15121154421011357438","ChIJ78F3KwBPTjcR_p41otQh2dE"
"Adarsha Vidyapith English School, Nandapur","QV5X+PJR, Gobindapur Pt I, Dungripar Pt II, Assam 788101, India","788101","NA","NA","NA","https://maps.google.com/?cid=4843116607924259134","ChIJJ0_gQGBOTjcRPskeHeU0NkM"
"Lakhipur Junior College","Q2R9+V9V, NH-53, Lakhipur, Assam 788106, India","788106","NA","NA","NA","https://maps.google.com/?cid=4550710808705212255","ChIJVVUVFghUTjcRX59nrF5fJz8"
"Benison English School Lakhipur","Benison English School Lakhipur, Durgapally Rd, Durgapally, Lakhipur, Assam 788103, India","788103","NA","NA","http://www.benisonenglishschool.com/","https://maps.google.com/?q=Benison+English+School+Lakhipur&ftid=0x374e53eefba52b95:0x487261fbdbacbc98","ChIJlSul--5TTjcRmLys2_thckg"
"North East Academy English School","Nayagram, Q2R8+89F, Fulertal Bridge Rd, Dilkushbasti, Lakhipur, Assam 788106, India","788106","NA","NA","NA","https://maps.google.com/?cid=7230655210000008188","ChIJO4gMJ_hTTjcR_MNglZpyWGQ"
"Emmanuel English Higher Secondary School","NH 53, Lalangkitta Labocpar Pt I, Assam 788098, India","788098","NA","097060 01715","NA","https://maps.google.com/?cid=17326962840207196674","ChIJ7x_3yn9UTjcRAoLxpua8dfA"
"ST. VINCENT'S SCHOOL","R2G8+V6X, Lalangkitta Labocpar Pt I, Assam 788098, India","788098","NA","801130899","http://stvincentschoolpailapool.com/","https://maps.google.com/?cid=9984266198701493456","ChIJ____T4dUTjcR0MyKdDU9j4o"
"Sunrise English High School","kunjabasti, silchar Road, pailapool, Lalangkitta Labocpar Pt I, Assam 788098, India","788098","NA","NA","http://www.sunriseenglishschool.com/","https://maps.google.com/?cid=11794791946349030277","ChIJj9VI2n9UTjcRhavFociEr6M"
"Brilliant English School,Pailapool","R2HF+XRP, Joypur Road, Lalangkitta Labocpar Pt I, Assam 788098, India","788098","NA","NA","NA","https://maps.google.com/?cid=10177181409468160369","ChIJ5XSP-oZUTjcRcRkPJpKcPI0"
"Jakir hussain memorial english school","QWFG+WFM, Kaptanpur Pt., Assam 788101, India","788101","NA","NA","NA","https://maps.google.com/?cid=2592214631383873913","ChIJY1fWNA9OTjcRebk0HXll-SM"
"Modern Public School","Saraleikai Rd, Lalang Pt II, Assam 788098, India","788098","NA","NA","NA","https://maps.google.com/?cid=10608475644767689262","ChIJpfNzY6BTTjcRLtrCjmTgOJM"
"Kids care English school","QWGF+MQC, Rupaibali Rd, Kaptanpur Pt., Assam 788101, India","788101","NA","NA","NA","https://maps.google.com/?cid=17161983779621460743","ChIJ34NBh_1PTjcRB1tayVGdK-4"
"Shiroi Lily Rasmani English School","QXPC+5J5, Singerband Road, Singerband, Assam 788103, India","788103","NA","NA","NA","https://maps.google.com/?cid=12866491426085096933","ChIJ-ZnTSSlSTjcR5U1pTcj1jrI"
"Brilliant Academy school","RWC3+J5J, Lambabasti Rd, Niz-Banskandi Pt III, Assam 788101, India","788101","NA","NA","NA","https://maps.google.com/?cid=13639637424098700465","ChIJi5TZYQVNTjcRseyGqPi5Sb0"
"Nim Public School","RW56+HQP, Banshkandi, Assam 788101, India","788101","NA","088762 20101","NA","https://maps.google.com/?cid=15806667006751458284","ChIJC6TnOblNTjcR7MNONOWPXNs"
"Pioneer English School","RW68+675, Banshkandi, Assam 788101, India","788101","NA","NA","NA","https://maps.google.com/?cid=10679444287730870332","ChIJN2__eL5NTjcRPOjFYP8BNZQ"
"Asapalli English School","Q2QF+VW7, Fulertal, Assam 788106, India","788106","NA","03841 287 418","NA","https://maps.google.com/?cid=16711342339729018762","ChIJqZYMhxFUTjcRik9-R1Gd6uc"
"PMS ENGLISH SCHOOL","Q2QG+G99, Hmarkhawlien, Assam 788106, India","788106","NA","NA","NA","https://maps.google.com/?cid=12397436264623543081","ChIJS8xPEQVUTjcRKZNuJpmKDKw"
"MD. English School","H, Banshkandi, Assam 788101, India","788101","NA","NA","NA","https://maps.google.com/?cid=14379077664667411926","ChIJTYT-o71NTjcR1iVB0PO-jMc"
"H R Memorial Academy","Kanchanpur, Tupkhana, Kanchanpur Pt I, Assam 788151, India","788151","NA","060001 35717","NA","https://maps.google.com/?cid=2739174149392698683","ChIJrTntwZklTjcROw18SGCAAyY"
"Adarsha Vidyapith English School, Nandapur","QV5X+PJR, Gobindapur Pt I, Dungripar Pt II, Assam 788101, India","788101","NA","NA","NA","https://maps.google.com/?cid=4843116607924259134","ChIJJ0_gQGBOTjcRPskeHeU0NkM"
"M.A Junior College/ F.A Degree College","RV5R+Q3R, Niz-Banskandi Pt II, Assam 788101, India","788101","NA","NA","NA","https://maps.google.com/?cid=12876417157684214808","ChIJnxcyHklMTjcRGDyDxy45srI"
"M.K.A.M Ideal English School","QWP2+73Q, Sibpur Pt II, Assam 788101, India","788101","NA","070021 87823","NA","https://maps.google.com/?cid=5036993062410594705","ChIJZZNsV7hNTjcRkSkXzYD-5kU"
"Maulana Abul Kalam Azad Academy(MAKAA)","CXC9+7X4, Ambari, Assam 781316, India","781316","NA","NA","NA","https://maps.google.com/?cid=4291130743649444668","ChIJvzZH3vZ1WTcRPKP7C60ojTs"
"MIDA'S ENGLISH SCHOOL","Singerband Road, Binnakandi Ghat, Assam 788126, India","788126","NA","NA","NA","https://maps.google.com/?cid=5055245149036306068","ChIJESIzbt1TTjcRlF7T4K3WJ0Y"
"South Point English School","J839+2MG, Patharkandi, Assam 788724, India","788724","NA","NA","NA","https://maps.google.com/?cid=16900335899834589632","ChIJPcvlSUrbUTcRwCFshvUNiuo"
"Catherine Booth English School","R36Q+CC3, Lowarjiri P.T.V., Assam 788104, India","788104","NA","NA","NA","https://maps.google.com/?cid=2919010076472803758","ChIJ65kqE6VVTjcRroHy7zJogig"
"Edith Douglas English High School","Q2RC+2CF, Fulertal Bridge Rd, Lakhipur, Assam 788106, India","788106","NA","088763 32007","NA","https://maps.google.com/?cid=2143902016604558348","ChIJKWBYOwZUTjcRDFT1dIarwB0"
"Holy View Child Academy","QR8V+4H8, Neairgram Kashipur Road, Bagpur Pt I, Assam 788013, India","788013","NA","NA","NA","https://maps.google.com/?cid=6199950237770753269","ChIJqx0aGERJTjcR9aRse-SlClY"
"James Memorial English School","R46Q+X5R, Namdailong, Assam 788104, India","788104","NA","NA","NA","https://maps.google.com/?cid=14185203197928755498","ChIJ24nst_v_TjcRKlFH7yb328Q"
"Paradise English High School","JJ5P+F2W, Rajyeswarpur Pt VII, Assam 788160, India","788160","NA","NA","NA","https://maps.google.com/?cid=2651822039038772125","ChIJq8woNkM7TjcRnUN1NBgqzSQ"
"Riverdale School","Riverdale School, Forest Office, Lakhipur, Assam 788103, India","788103","NA","NA","NA","https://maps.google.com/?q=Riverdale+School&ftid=0x374e53f01c314813:0x8741e69857d760e","ChIJE0gxHPBTTjcRDnZ9hWkedAg"
"Ebenezer Academy","R48H+W9F, Assam 788104, India","788104","NA","NA","NA","https://maps.google.com/?cid=14341151919642756134","ChIJY9K48QX_TjcRJsQ3MLABBsc"
"Radiant Academy, Bhaga Bazar","GRVM+F72, Rajghat, Assam 788114, India","788114","NA","NA","NA","https://maps.google.com/?cid=10864311957354541552","ChIJ01DVy6BBTjcR8HEl4ynKxZY"
"Holy Life School, Bhagabazar","GRWP+XGH, Islamabad, Assam 788114, India","788114","NA","NA","NA","https://maps.google.com/?cid=14948577008264025598","ChIJoWQbanNBTjcR_hUmi5YDdM8"
"Adarsha Bidya Niketan","MPHP+CR8, Choto Jalenga Pt I, Assam 788011, India","788011","NA","NA","NA","https://maps.google.com/?cid=4934641310894375176","ChIJJaojBps5TjcRCMHTnSBee0Q"
"Dr. B.R Ambedkar High School,Channighat","GR98+H5R, Channighat, Howaithang, Assam 788120, India","788120","NA","NA","NA","https://maps.google.com/?cid=17801749470304814239","ChIJl0DVx21BTjcRn0QEVtOEDPc"
"Saraswati Vidya Niketan School, Panibhora, Cachar","178 NH 306, opposite State Bank of India PANIBHORA, Bor Jalenga Pt VII, Assam 788123, India","788123","NA","NA","NA","https://maps.google.com/?cid=15887013774916065405","ChIJgxe-EgBHTjcRfRic89oCetw"
"The Skylark School","Kabuganj - Amjur Rd, Rukni Pt III, Rukni Pt IV, Assam 788116, India","788116","NA","060004 06630","NA","https://maps.google.com/?cid=13606896354104337308","ChIJ09GUp-tETjcRnGPyQSRo1bw"
"IDEAL ENGLISH SCHOOL..DHOLAI","HRPQ+9VW, Saptagram, Sadagram, Assam 788114, India","788114","NA","NA","NA","https://maps.google.com/?cid=14171060225990203226","ChIJbfrISkhBTjcRWhfQrDG4qcQ"
"Vivek Home Senior Secondary School","MPJR+XG6, Silchar-Hailakandi Rd, Silcoorie Grant, Assam 788011, India","788011","NA","NA","https://vivekhome.com/","https://maps.google.com/?cid=6265260619153101879","ChIJG51Ybyw4TjcRN1TdnVat8lY"
"Jawahar Navodaya Vidyalaya","Joypur Road, Lalangkitta Labocpar Pt III, Assam 788098, India","788098","NA","NA","NA","https://maps.google.com/?cid=17437307094281209690","ChIJjV7IC49UTjcRWscHWmrC_fE"
"Promodini memorial english medium school","MRPV+GC2, NH306, Narsingpur Pt I, Assam 788115, India","788115","NA","NA","NA","https://maps.google.com/?cid=11369288021484052395","ChIJ76uFRt5HTjcRqx-p7TfTx50"
"Little Flower Kids Play And Senior School","MVC4+QP6, Kabuganj, Narsingpur Pt II, Assam 788115, India","788115","NA","NA","NA","https://maps.google.com/?cid=3337688990941392346","ChIJU7waz9ZHTjcR2i3LE3TaUS4"
"PALLY UNNAYAN BIDYA NIKETAN, PUNIRMUKH","JVV9+P7, Punirmukh, Assam 788116, India","788116","NA","NA","NA","https://maps.google.com/?cid=12604066986924347202","ChIJTfhvfilFTjcRQo_aOCWk6q4"
"Saraswati Vidya Niketan School, Panibhora, Cachar","178 NH 306, opposite State Bank of India PANIBHORA, Bor Jalenga Pt VII, Assam 788123, India","788123","NA","NA","NA","https://maps.google.com/?cid=15887013774916065405","ChIJgxe-EgBHTjcRfRic89oCetw"
"Vivekananda Kendra Vidyalaya, Borojalenga","MP9M+H24, Bor Jalenga Grant, Assam 788117, India","788117","NA","03842 212 194","http://borojalenga.vkv.in/","https://maps.google.com/?cid=4455391664968301166","ChIJydw5Skk5TjcRbvqrFR271D0"
"Pranabananda Vidya Mandir, Kabuganj","Kabuganj, Silchar, Narsingpur Pt II, Assam 788121, India","788121","NA","093653 03001","NA","https://maps.google.com/?cid=9543904032985007370","ChIJGxSL_P9FTjcRCkV9-CbCcoQ"
"Lakshmi Charan Play Ground","MV76+XCG, Kabuganj, Narsingpur Pt II, Assam 788115, India","788115","NA","NA","NA","https://maps.google.com/?cid=16470785241087007716","ChIJN5HSZNFFTjcR5Nu8Kun7k-Q"
"Saraswati Vidya Niketan School, Panibhora, Cachar","178 NH 306, opposite State Bank of India PANIBHORA, Bor Jalenga Pt VII, Assam 788123, India","788123","NA","NA","NA","https://maps.google.com/?cid=15887013774916065405","ChIJgxe-EgBHTjcRfRic89oCetw"
"Presbyterian English School, Mathurapur","GVWG+PWQ, Jibangram, Assam 788120, India","788120","NA","NA","NA","https://maps.google.com/?cid=3500729220113087858","ChIJTSh2hMpDTjcRcr2rk60WlTA"
"KAZIDAHAR AGRAGAMI VIDYALAYA","RQ5X+29J, Trinayani Ln, Kanakpur, Silchar, Assam 788005, India","788005","NA","NA","NA","https://maps.google.com/?cid=1575855652581658630","ChIJNy9wRABLTjcRBtBr5V2Q3hU"
"Holy Cross School;Kabuganj","MVG5+XXP, Kabuganj, Nagdirgram Pt II, Assam 788121, India","788121","NA","NA","https://www.holycrossschoolkabuganj.org/","https://maps.google.com/?cid=16446745095849348798","ChIJ_____-BFTjcRvo5_rYaTPuQ"
"ORIENTAL SCHOOL","NH306, opposite Rajghat Madrassa, Rajghat, Assam 788120, India","788120","NA","095086 05711","NA","https://maps.google.com/?cid=1668174178157731703","ChIJba-H5rFBTjcRdx-SoJOLJhc"
"Rajghat adarsho Bidyaloy","GRMG+47R, Rajghat, Assam 788120, India","788120","NA","NA","NA","https://maps.google.com/?cid=8810705256582538079","ChIJodK1-yFBTjcRX-NE77_pRXo"
"T.H.Gunamani Academy","RW8J+37H, Monipur Pt I, Assam 788101, India","788101","NA","NA","NA","https://maps.google.com/?cid=4764495596346442349","ChIJCf_qHLlNTjcRbYIkYoDjHkI"
"Barak Valley Secondary School","RV6R+5MX, Manipur Rd, Niz-Banskandi Pt I, Niz-Banskandi Pt II, Assam 788101, India","788101","NA","092070 19577","NA","https://maps.google.com/?cid=15108692757106601734","ChIJd8HKNElMTjcRBi_bZwPcrNE"
"Kanakpur Pt-i Jnan Jyoti Vidyalaya","V3PC+G53, Harinagar Road, Joypur, Kanakpur Pt I, Assam 788107, India","788107","NA","NA","NA","https://maps.google.com/?cid=13403138807621979510","ChIJfSbx5FSrTzcRdo2Pj7uDAbo"
"Eleven Ster English School","W4F8+Q6P, হরিন্গর, অসম 788107, India","788107","NA","NA","NA","https://maps.google.com/?cid=1896225015688050872","ChIJOcmlcIsATzcRuLhL6pq-UBo"
"Kumacherra Mission English School","X44Q+R8X, Kumacherra, Paschim Dipu, Assam 788107, India","788107","NA","NA","NA","https://maps.google.com/?cid=11707289375482537868","ChIJK4h6FgABTzcRjGdXvKileKI"
"ADARSHA SHISHU NIKETAN","V3HC+W2C, Joypur, Assam 788102, India","788102","NA","NA","NA","https://maps.google.com/?cid=7293199985381216672","ChIJ1XglYs6qTzcRoBGI5L6mNmU"
"Albert Einstein English school","V3F8+RCR, Jaipur Pt I, Assam 788102, India","788102","NA","NA","NA","https://maps.google.com/?cid=4329220889499641902","ChIJzTWd6dKqTzcRLqjTOHZ7FDw"
"BLOSSOMS ENGLISH HIGHER SECONDARY SCHOOL","Jaipur Pt I, Assam 788107, India","788107","NA","NA","NA","https://maps.google.com/?cid=10207274958686185577","ChIJ0RK5z9KqTzcRaeg6lX6Gp40"
"Bethel English School","V324+FFP, Tritya Dikchamukh, Assam 788102, India","788102","NA","NA","NA","https://maps.google.com/?cid=7571017252550227246","ChIJNzzQc2tVTjcRLjWcBhSoEWk"
"BINAPANI BIDYA NIKETAN","Jaipur Pt I, Joypur, Assam 788107, India","788107","NA","096783 72018","NA","https://maps.google.com/?cid=12225279088503793269","ChIJjZ_Uas6qTzcRdaZHBo_qqKk"
"Grace High School","Ujan Tarapur, Lalang Pt IV, Assam 788098, India","788098","NA","NA","NA","https://maps.google.com/?cid=4670363698804470197","ChIJ0VkL0FZSTjcRtbEeFwp30EA"
"Emmanuel English Higher Secondary School","NH 53, Lalangkitta Labocpar Pt I, Assam 788098, India","788098","NA","097060 01715","NA","https://maps.google.com/?cid=17326962840207196674","ChIJ7x_3yn9UTjcRAoLxpua8dfA"
"Sishu Niketan High School","Ratanpur Road,Hailakandi Town Word no 11, Bandukmara Grant, Hailakandi, Assam 788155, India","788155","NA","NA","NA","https://maps.google.com/?cid=7948094396995208871","ChIJmc2-h4UlTjcRpwYsRr5NTW4"
"Barak Valley Public High School","Fakir Tilla, Silchar, Fakirtilla, Masimpur, Cachar, Assam 788010, India","788010","NA","NA","NA","https://maps.google.com/?cid=1759870575779319587","ChIJo1vLgcBJTjcRIw_95_ZQbBg"
"M.A Senior Secondary School/F.A Degree College","RV5R+Q3R, Niz-Banskandi Pt II, Assam 788101, India","788101","NA","NA","NA","https://maps.google.com/?cid=1284097359706584658","ChIJHQFEE0JNTjcRUvZTxr4H0hE"
"Eureka English School","V3G8+8R4, Joypur, Raja Bazar, Harinagar, Jaipur Pt I, Assam 788107, India","788107","NA","NA","NA","https://maps.google.com/?cid=17512677585106242207","ChIJBQAAcM6qTzcRnwo0PnqHCfM"
"Murshedul Alam Choudhury Memorial Senior Secondary Academy","QRW2+HR9, 2nd Link Rd, Kanakpur, Assam 788006, India","788006","NA","03842 225 176","NA","https://maps.google.com/?cid=16482283394298122649","ChIJnTX-mDxKTjcRmZF1lGvVvOQ"
"New Oxford School","Sadial Complex, Bilpar Rd, Chamragudam, Kanakpur, Silchar, Assam 788004, India","788004","NA","NA","NA","https://maps.google.com/?cid=13612919856395605406","ChIJ06p9i0RKTjcRnlVSLHzO6rw"
"Happy child senoir secondary school","RR83+7GR, Chamragudam, Madhurbond, Uttar Krishnapur Pt II, Silchar, Assam 788001, India","788001","NA","097060 31416","NA","https://maps.google.com/?cid=13233036768320469524","ChIJUy7eYURKTjcRFLpsQ9Qwpbc"
"The New Cambridge English School","QQWR+FPC, Meherpur, Birbal Bazar, Silchar, Ambicapur Pt VI, Assam 788015, India","788015","NA","NA","NA","https://maps.google.com/?cid=6635257773269623449","ChIJk-ENSxdKTjcRmaLiKMorFVw"
"St. Thomas Residential School","Medical Road, QQVR+99G, Meherpur, Birbal Bazar, Silchar, Ambicapur Pt VI, Assam 788015, India","788015","NA","03842 240 589","NA","https://maps.google.com/?cid=2422757490213990101","ChIJ6RaOZxpKTjcR1S4f3RldnyE"
"Ishwarchandra Bidyasagar Memorial School","Co-operative, Meherpur, Birbal Bazar, Silchar, Ambicapur Pt VI, Assam 788015, India","788015","NA","03842 240 306","NA","https://maps.google.com/?cid=13626226820957181955","ChIJzwK8wBBKTjcRA5gNTBkVGr0"
"Ramanuj Vidyamandir","Chegkuri Road Near Ramanuj Vidyamandir, Chaengkuri Rd, Ambicapatty, Silchar, Uttar Krishnapur Part-I, Assam 788007, India","788007","NA","NA","http://www.ramanujvidyamandir.ac.in/","https://maps.google.com/?cid=11930663587055162229","ChIJI6FGMG5KTjcRdVMcMVI7kqU"
"Sishu Tirtha High School","P.W.D Road, RQHW+3CJ, Gandhi Bagh, Tarapur, Silchar, Assam 788001, India","788001","NA","094353 72983","NA","https://maps.google.com/?cid=6171366982346021891","ChIJl8kc-GBKTjcRAxxPuZIZpVU"
"Sarbodaya High School","Khudiram Sarani, RRQ3+363, Road, Itkhola, Silchar, Assam 788002, India","788002","NA","NA","NA","https://maps.google.com/?cid=6180468752450505889","ChIJKVAjRj9LTjcRocw2t5VvxVU"
"Vivekananda Junior College","Vivekananda Jr College, Ambicapatty, Silchar, Uttar Krishnapur Part-I, Assam 788004, India","788004","NA","NA","NA","https://maps.google.com/?q=Vivekananda+Junior+College&ftid=0x374e4a7170b241e3:0xfa1bd23cada1a0bc","ChIJ40GycHFKTjcRvKChrTzSG_o"
"Holy Cross School","Sonai, RQ5X+9HG, Mizoram Rd, near Federal Bank, Kanakpur, Silchar, Assam 788005, India","788005","NA","03842 226 651","https://www.holycrosshsschool.com/","https://maps.google.com/?cid=13320300664897146322","ChIJfdjBCEBKTjcR0g2YeOE227g"
"Silchar Collegiate School","RQFR+8F5, R K Mission Rd, Jhalupara, Tarapur, Silchar, Assam 788001, India","788001","NA","NA","NA","https://maps.google.com/?cid=10043941073696385161","ChIJv0xyQmRKTjcRieigAjE_Y4s"
"Oriental High School","RQCW+V33, Jail Rd, Ambikapatty, Ambicapatty, Silchar, Assam 788001, India","788001","NA","03842 265 169","NA","https://maps.google.com/?cid=8477636458105258862","ChIJr3Cv92ZKTjcRbsNDNHGdpnU"
"Assam Rifles Public School","RQFV+PCC, Ambicapatty, Silchar, Assam 788007, India","788007","NA","NA","NA","https://maps.google.com/?cid=6396890905819198176","ChIJuzEsrmZKTjcR4LJH_GJSxlg"
"Muktashree High School","Rangirkhari, Central Rd, Tarapur Tarapur Silchar, Assam 788005, RQ7W+MXJ, Chandicharan Rd, Ambicapatty, Kanakpur Part-II, Silchar, Assam 788004, India","788005","NA","03842 220 044","NA","https://maps.google.com/?cid=6296605088922203335","ChIJn4lJ4WlKTjcRx_QfsPcIYlc"
"Aerokids International Playschool","Ice factory lane, Hospital Rd, Bilpar, Kanakpur, Silchar, Assam 788001, India","788001","NA","094011 89430","http://www.aerokidsindia.com/","https://maps.google.com/?cid=3759741013727864748","ChIJW6pbtUJLTjcRrGe3MohILTQ"
"Pranabananda Holy Child Higher Secondary School","RQ8X+8G3, Hospital Rd, Ambicapatty, Silchar, Assam 788005, India","788005","NA","086380 41679","https://holychildsilchar.com/","https://maps.google.com/?cid=12894645774917411134","ChIJP652i0JKTjcRPqFxdgP88rI"
"South Point High School","C.R. Avenue, RQ4R+M9C, National Highway, Ambicapatty, Silchar, Assam 788005, India","788005","NA","NA","NA","https://maps.google.com/?cid=17780146833938664520","ChIJo8yoLhNKTjcRSEwzm1fFv_Y"
"North Eastern Higher Secondary School Silchar","National Highway National Highway, Ramkrishna Sarani, nearby MP, Silchar, Assam 788005, India","788005","NA","093652 88227","NA","https://maps.google.com/?cid=1613793619339862860","ChIJmYJQevRLTjcRTGOLHb9YZRY"
"Saraswati Vidya Niketan, Malugram","RRQ4+R96, Itkhola, Tarapur, Rongpur Pt IV, Silchar, Assam 788002, India","788002","NA","NA","NA","https://maps.google.com/?cid=6207962502296584630","ChIJ1cuSytVLTjcRtkFVMAEdJ1Y"
"Daffodils School","RRQ4+MJV, Mela Rd, Malugram, Silchar, Assam 788002, India","788002","NA","03842 262 010","https://www.facebook.com/Daffodils-School-139266349484543/","https://maps.google.com/?cid=5143501489090885088","ChIJywZf8fBKTjcR4HX0VlpjYUc"
"সৰস্বতী বিদ্যা নিকেতন","Opp. No 12, 12, 2nd Link Rd, Birbal Bazar, Silchar, Assam 788006, India","788006","NA","NA","NA","https://maps.google.com/?cid=11397267064167351307","ChIJ1zmpWjxKTjcRC0T0cQI6K54"
"Netaji Subhash Chandra Bose Avasiya Vidyalaya ,Silchar","RQGR+RPF, Jail Rd, Ambikapatty, Ambicapatty, Silchar, Assam 788007, India","788007","NA","NA","NA","https://maps.google.com/?cid=17998313393112532425","ChIJlbzZJgBLTjcRycWgAKzaxvk"
"Pranabananda Vidya Mandir","RQMJ+F9G, Kalani Road ( SH-38), Ramnagar, Silchar, Assam 788003, India","788003","NA","03842 268 260","NA","https://maps.google.com/?cid=17934203453238997990","ChIJ4z-M_IBKTjcR5vPkbwUX4_g"
"Pranabananda Vidya Mandir","RQMJ+F9G, Kalani Road ( SH-38), Ramnagar, Silchar, Assam 788003, India","788003","NA","03842 268 260","NA","https://maps.google.com/?cid=17934203453238997990","ChIJ4z-M_IBKTjcR5vPkbwUX4_g"
"Surendra Memorial Junior College","RRJ3+MMW, Steamer Ghat Rd, Tarapur, Silchar, Assam 788002, India","788002","NA","03842 263 960","NA","https://maps.google.com/?cid=4084513430592999678","ChIJ5fQNPvZKTjcR_tDODlMbrzg"
"Paramount English Academy, Silchar","RRJ6+8MR, National Highway 54, Rongpur Part III, Rongpur, Silchar, Assam 788009, India","788009","NA","NA","NA","https://maps.google.com/?cid=2212577123194417461","ChIJqQUWovhKTjcRNbEouiuntB4"
"Oxford Senior Secondary School","RRJ6+MRV, NH 53, Rongpur Part III, Rongpur, Silchar, Assam 788009, India","788009","NA","03842 223 192","NA","https://maps.google.com/?cid=9457518156258606466","ChIJm8hUuPhKTjcRgv2ZsKfaP4M"
"Ramanuj Gupta Degree College","near Ramanuj Gupta Jr. College, Ambicapatty, Silchar, Assam 788004, India","788004","NA","03842 267 096","https://www.rgdc.ac.in/","https://maps.google.com/?cid=4146318732100177207","ChIJnV8wJGZKTjcRNw1hMOuuijk"
"MD English School Madhurbond","RR86+QJW, MD English School, Madhurbond, Silchar, Uttar Krishnapur Pt II, Assam 788001, India","788001","NA","NA","NA","https://maps.google.com/?cid=3220618426679983276","ChIJq6qqak5KTjcRrHxWP2XvsSw"
"Aryan Junior College of Science, Arts and Commerce","RQ6W+7GP, Rangirkhari, Ambicapatty, Silchar, Assam 788005, India","788005","NA","03842 221 323","https://aryanjuniorcollege.org/","https://maps.google.com/?cid=2975070248274231138","ChIJVQE1Q2pKTjcRYv830qCSSSk"
"Barak Valley Public High School","Fakir Tilla, Silchar, Fakirtilla, Masimpur, Cachar, Assam 788010, India","788010","NA","NA","NA","https://maps.google.com/?cid=1759870575779319587","ChIJo1vLgcBJTjcRIw_95_ZQbBg"
"Saint Capitanio Senior Secondary School","QQ8V+5C6, Hailakandi Rd, Masimpur, Silchar, Silcoorie Grant, Assam 788014, India","788014","NA","03842 241 898","http://www.saintcapitaniosilchar.in/","https://maps.google.com/?cid=3885910138632580693","ChIJeeXf9-tJTjcRVa5Iwq6G7TU"
"JATINGA Mukh badarpur High school","VPPQ+3CC, Badarpur Pt II, Assam 788111, India","788111","NA","NA","NA","https://maps.google.com/?cid=1143733070032855329","ChIJVf6Z9i_LTzcRIeEs3Spb3w8"
"Sri Sri gnan mandir school","Vill-masimpur, VQJ7+VQG, Masimpur Bagicha, Assam 788003, India","788003","NA","NA","NA","https://maps.google.com/?cid=5213472830706258472","ChIJ4xqjpKXLTzcRKJJl2Or5WUg"
"West Silchar Academy","Kalain, Borkhola Rd, Silchar, Pratapi Para, Assam 788025, India","788025","NA","081350 63960","http://westsilcharacademy.co.in/","https://maps.google.com/?cid=199016983050831164","ChIJCyLOa17LTzcRPMUDQ-QMwwI"
"AL-NOOR PUBLIC SCHOOL, Barjatrapur","WM2V+PP8, West, Silchar, Barjatrapur, Assam 788110, India","788110","NA","NA","https://schools.org.in/cachar/18210604216/al-noor-public-school.html","https://maps.google.com/?cid=5916696641100569243","ChIJucNhNl7LTzcRm9qLQD9UHFI"
"Murshedul Alam Choudhury Memorial Senior Secondary Academy","QRW2+HR9, 2nd Link Rd, Kanakpur, Assam 788006, India","788006","NA","03842 225 176","NA","https://maps.google.com/?cid=16482283394298122649","ChIJnTX-mDxKTjcRmZF1lGvVvOQ"
"Jatinga samabay school","WPGW+HX7, Chesri, Borkhola Bazaar, Assam 788110, India","788110","NA","NA","NA","https://maps.google.com/?cid=2022723636350596417","ChIJ0Wi8dZHLTzcRQbV2L24oEhw"
"SEDO VIDYA NIKETAN","WPHX+823, Chesri, Borkhola Bazaar, Assam 788110, India","788110","NA","NA","NA","https://maps.google.com/?cid=245591381427048584","ChIJt3E0XnzLTzcRiFDbaQ-EaAM"
"Saraswati Shishu Niketan, Dalu","Dalu, WQCJ+363, Silchar, Kharil Bagicha, Assam 788111, India","788111","NA","NA","NA","https://maps.google.com/?cid=7434673716446492819","ChIJDeligH61TzcRk_i5wVpELWc"
"Vivekananda Kendra Vidyalaya, Ramnagar Silchar","RQMC+2X6, Ramnagar Rd, near Ramkrishna Filling Station, Chirukandi, Silchar, Assam 788003, India","788003","NA","03842 268 454","http://silchar.vkv.in/","https://maps.google.com/?cid=12109478815430450817","ChIJs5-Lt3g1TjcRgZ7Z6NKCDag"
"S.A Memorial Academy school","VPX6+8P, Peladahar, Assam 788025, India","788025","NA","NA","NA","https://maps.google.com/?cid=1862451004443383614","ChIJtwNeo8HLTzcRPtdqI1LB2Bk"
"A.K.Azad Anglo Bengali School","VPRG+WCG, near Niz-Joynagar, Sarail, Niz-Joynagar, Assam 788025, India","788025","NA","NA","NA","https://maps.google.com/?cid=7420532527720314468","ChIJ8zBIiTrLTzcRZDYArwQH-2Y"
"Kamrul Islam Memorial Academy","VPPG+4HR, Niz-Joynagar, Assam 788025, India","788025","NA","NA","NA","https://maps.google.com/?cid=9377902259837570006","ChIJN2KjBd3LTzcR1ovzR2sAJYI"
"Rajnagar Nursery School","VM5X+P5Q, Patheri Gram, Assam 788026, India","788026","NA","090857 54209","NA","https://maps.google.com/?cid=5660856237116485211","ChIJy1PmeF8zTjcRW-7hUcFmj04"
"Sri Sri gnan mandir school","Vill-masimpur, VQJ7+VQG, Masimpur Bagicha, Assam 788003, India","788003","NA","NA","NA","https://maps.google.com/?cid=5213472830706258472","ChIJ4xqjpKXLTzcRKJJl2Or5WUg"
"RAJA GOVINDA CHANDRA MEMORIAL H.S. SCHOOL","WPHW+V93, Chesri, Borkhola Bazaar, Assam 788110, India","788110","NA","NA","NA","https://maps.google.com/?cid=11408249737116932704","ChIJZ05ZWbfLTzcRYFrMQbE-Up4"
"Holy Crown School","Masimpur, Silchar, Rakhal Khaler Par Pt I, Assam 788025, India","788025","NA","099541 29910","http://holycrownsilchar.in/","https://maps.google.com/?cid=7238455810499139747","ChIJ28PEtYJKTjcRo9gpazUpdGQ"
"Robijul Ali Academy","VP5W+X66, Vill:, Balighat, Silchar, Assam 788025, India","788025","NA","NA","http://www.rotarysuper60.com/","https://maps.google.com/?cid=6780548085639220066","ChIJwaDxZoQ1TjcRYgv7Go9YGV4"
"Vivekananda gyanpith H.S school (nit Silchar jogipara)","QQ6V+CW6, NIT Road, Fakirtilla, Ghungoor, Masimpur, Silchar, Assam 788118, India","788118","NA","NA","NA","https://maps.google.com/?cid=13281173923021041675","ChIJicYflXdJTjcRC7DZ-VA1ULg"
"Vivekananda Kendra Vidyalaya, Ramnagar Silchar","RQMC+2X6, Ramnagar Rd, near Ramkrishna Filling Station, Chirukandi, Silchar, Assam 788003, India","788003","NA","03842 268 454","http://silchar.vkv.in/","https://maps.google.com/?cid=12109478815430450817","ChIJs5-Lt3g1TjcRgZ7Z6NKCDag"
"DON BOSCO SCHOOL, SILCHAR","RP7V+X3Q, Chenglorie Grant, Assam 788026, India","788026","NA","099570 97941","http://donboscoschoolsilchar.org/","https://maps.google.com/?cid=4109115779068148239","ChIJId_z67M1TjcRDzpPsAeDBjk"
"Barak Valley Academy","RQ6G+QWM, New bhakatpur, Silchar, Assam 788026, India","788026","NA","NA","NA","https://maps.google.com/?cid=3278800312396203031","ChIJT5m8C4o1TjcRF8TQJYOjgC0"
"Delhi Public School Silchar","Budurail, Khatal Rd, Silchar, Jaifarpur, Assam 788005, India","788005","NA","094019 93344","https://www.dpssilchar.in/","https://maps.google.com/?cid=5331144893666926439","ChIJb30Snyc3TjcRZ58nAQkI_Ek"
"Prerana Vidya Mandir","RQ43+667, Chincoorie Road, Kalinjar, Silchar, Ambicapur Pt III, Assam 788007, India","788007","NA","NA","https://preranavidyamandir.in/","https://maps.google.com/?cid=4995954118391037031","ChIJGXU6NO81TjcRZ_zYDM0xVUU"
"Janmangal High school","QPJC+PMR, Elgin Grant, Merua Grant, Assam 788010, India","788010","NA","NA","NA","https://maps.google.com/?cid=9657246748918846362","ChIJ38xHMoI3TjcRmpOaecBuBYY"
"N.N.MEMORIAL.ACADEMY","JXQ8+J28, Didarkosh Pt I, Didarkosh Pt III, Assam 788099, India","788099","NA","NA","NA","https://maps.google.com/?cid=7949013208765447346","ChIJCS2FiuJaTjcRsjxaz2WRUG4"
"Radiant Model H.S. School","RQ5X+2CP, Trinayani Ln, Kanakpur, Uttar Krishnapur Pt II, Silchar, Assam 6, India","NA","NA","094350 72128","http://radiantmodelhsschool.in/","https://maps.google.com/?cid=11297634177431139459","ChIJM4uTD0BKTjcRg3QYTG1CyZw"
"Presidency senior secondary school","RR54+W49, Kanakpur, Uttar Krishnapur Pt II, Silchar, Assam 788005, India","788005","NA","NA","NA","https://maps.google.com/?cid=14180378616571403339","ChIJ-UGnbQBLTjcRS5xIjTjTysQ"
"Al-Sirath Mission School","KolargramRd, Swadhin Bazar, PW2Q+J2X, Dakshin Mohanpur Pt VII, Assam 788119, India","788119","NA","094767 08088","NA","https://maps.google.com/?cid=1503165144598655828","ChIJ_f__v_xPTjcRVDONIrxQ3BQ"
"SHISHU BIDYAPITH HIGH SCHOOL","M8MR+CVJ Baraigram, Junction, Patherkandi Pt I, Saija Nagar, Assam 788723, India","788723","NA","NA","https://schools.org.in/karimganj/18220306008/shishu-bidyapith.html","https://maps.google.com/?cid=13493464261608906541","ChIJ5-eQ_rDbUTcRLZ-gJkFqQrs"
"Agradoot Vidyaniketan (Agradoot Junior College)","PRPG+MV6, Sanwar Ali Road, Saidpur, Saidpur Pt IV, Sonabarighat Pt II, Assam 788013, India","788013","NA","NA","https://agradootvidyaniketan.in/","https://maps.google.com/?cid=14515219044669927942","ChIJ-YOmI3ZJTjcRBjKJ8tBqcMk"
"Dynamic English School","JWCC+5Q3, Rukni Pt IV, Assam 788099, India","788099","NA","NA","NA","https://maps.google.com/?cid=11443479911166769273","ChIJ3yz6WcFETjcRefhpW1loz54"
"Sarala Birla Gyan Jyoti","MMG Road, Meherpur, Suncity, Birbal Bazar, Silchar, Ambicapur Pt VI, Assam 788015, India","788015","NA","070990 31108","http://sbgjsilchar.co.in/","https://maps.google.com/?cid=5341294357956469880","ChIJoTGicQNKTjcReCTLTusWIEo"
"Palli Unnayan Vidyaniketan","MV5Q+P78, Hatikhal Bantarapur Rd, Sundari Pt I, Assam 788116, India","788116","NA","NA","NA","https://maps.google.com/?cid=17749696530593485553","ChIJOXHe9wRFTjcR8RIC4fOWU_Y"
"RISING ANGLO-BENGALI ACADEMY","Kachudaram Pt I, Silchar, Assam 788119, India","788119","NA","NA","NA","https://maps.google.com/?cid=8612591056723525896","ChIJ8zlaf_RFTjcRCEG2Q-8Rhnc"
"Maharishi Vidya Mandir School","Kathal Road Bhakatpur, RQ3M+3MG, Village Road, Silchar, Assam 788005, India","788005","NA","0755 676 7100","http://mvmsilchar.org/","https://maps.google.com/?cid=6395019007438875372","ChIJmYeqMIBKTjcR7OpDruerv1g"
"Adarsha Bidya Niketan","MPHP+CR8, Choto Jalenga Pt I, Assam 788011, India","788011","NA","NA","NA","https://maps.google.com/?cid=4934641310894375176","ChIJJaojBps5TjcRCMHTnSBee0Q"
"Rammanikpur H. S School","HXG4+F46, Unnamed Road, Rukni T.E., Garultolaekth F.V., Assam 788116, India","788116","NA","NA","NA","https://maps.google.com/?cid=2683520685830372670","ChIJTzsc55JdTjcRPv1UitjHPSU"
"agrodoot school","PVGX+QQ5, Rangirghat Pt I, Assam 788119, India","788119","NA","NA","NA","https://maps.google.com/?cid=14102024967109502630","ChIJfTbIkKlPTjcRpmZA6v10tMM"
"Woodland English School","matinagar road, PVJX+7X3, near rcc bridge, Sonai, Rangirghat Pt I, Assam 788119, India","788119","NA","094013 39974","NA","https://maps.google.com/?cid=10359671008675589813","ChIJAWSNU6pPTjcRtW4F_uTxxI8"
"ALI AKTAR MAZUMDER LAND Shanti Vidya Niketan School","QR9C+GGV, Saidpur, Saidpur Pt II, Assam 788013, India","788013","NA","NA","NA","https://maps.google.com/?cid=14953177757037577698","ChIJ4fE1uRJJTjcR4kV_1_FbhM8"
"সৰস্বতী বিদ্যা নিকেতন","Opp. No 12, 12, 2nd Link Rd, Birbal Bazar, Silchar, Assam 788006, India","788006","NA","NA","NA","https://maps.google.com/?cid=11397267064167351307","ChIJ1zmpWjxKTjcRC0T0cQI6K54"
"Tukar Gram L.P School","VMGX+FJR, Nischintapur, Assam 788025, India","788025","NA","NA","NA","https://maps.google.com/?cid=11896358602522093953","ChIJf7uvegA1TjcRgen9jx5bGKU"
"Menipur Al-amin Academy","Menipur II Sildubi, Cachar Via Nutan bazar, road, Silchar, Clever House T.E., Assam 788112, India","788112","NA","097076 62312","NA","https://maps.google.com/?cid=17012567826707757166","ChIJAQAAAI9ITjcRbrgnTE3IGOw"
"Eeshan Bangla Academy","PRJJ+9CQ, Dhanehari Pt II, Assam 788013, India","788013","NA","NA","NA","https://maps.google.com/?cid=2269915605258542768","ChIJoWWViPpJTjcRsB6NaTdcgB8"
"Holy Life School","QR5P+939, MBS Rd, Saidpur, Sonabarighat Pt I, Assam 788013, India","788013","NA","NA","NA","https://maps.google.com/?cid=17217086072634553619","ChIJ_d0E1hRJTjcREzW1IpBg7-4"
"Sonai Adarsha Vidyaniketan School","PVJR+VMC, Sonai, Assam 788119, India","788119","NA","NA","NA","https://maps.google.com/?cid=13140352207752400406","ChIJaSeyPgJPTjcRFg6aXrboW7Y"
"Sonai Navajyoti Gyanpeeth","PVJQ+M6X, Sonai, Assam 788119, India","788119","NA","NA","NA","https://maps.google.com/?cid=7088816426450638513","ChIJOf5s_ThPTjcRsVaLUPuIYGI"
"Holy Light English School","PVMQ+QRR, Silchar Rd, Sonai, Tulargram Pt I, Assam 788119, India","788119","NA","NA","NA","https://maps.google.com/?cid=16440224344974211001","ChIJ80FNe_1OTjcRubfqDfBoJ-Q"
"Brighter English Academy","PVJV+Q3V, Sonai, Assam 788119, India","788119","NA","NA","NA","https://maps.google.com/?cid=16587160935436923819","ChIJ4Q3OiQFPTjcRqzP0_PxuMeY"
"Sonai Senior Secondary School formerly Sonai Junior College.","PVHQ+X75, Sonai, Assam 788119, India","788119","NA","084868 45252","NA","https://maps.google.com/?cid=16767836953097440887","ChIJtyhwNwNPTjcRd44Ked5Ss-g"
"Gyan Vikash Vidyalaya","PVHP+8MC, Uttar Mohanpur, Assam 788119, India","788119","NA","NA","NA","https://maps.google.com/?cid=1042225484065880763","ChIJn9GzoBxPTjcRuzqbSY66dg4"
"Pranabananda Vidya Mandir","JWQ6+RJ7, Ban Tarapur Rd, Rukni Pt IV, Sundari Pt III, Assam 788099, India","788099","NA","NA","NA","https://maps.google.com/?cid=4594948756832886160","ChIJc2CQBABFTjcRkJ0lnIyJxD8"
"Al Ameen Model Academy","RQJ3+4J3, pt 4, Tarapur, Silchar, Assam 788003, India","788003","NA","NA","https://alameensilchar.in/","https://maps.google.com/?cid=1828441794847906978","ChIJQ_9nOSpLTjcRohxj-h_uXxk"
"Al-Hera Academy","MWXP+9VP, Kabuganj - Amjur Rd, Dakshin Mohanpur Pt VII, Assam 788119, India","788119","NA","NA","NA","https://maps.google.com/?cid=6478530991157206861","ChIJX_DRpeJPTjcRTd9Impxd6Fk"
"Suman ali barbhuiya gyanpith","MWWM+FG4, Dakshin Mohanpur Pt VII, Assam 788119, India","788119","NA","NA","NA","https://maps.google.com/?cid=1770123037113021410","ChIJW7en6iNPTjcR4nPbE4a9kBg"
"AGRAGAMEE VIDYANIKETAN","MWCM+64Q, Kabuganj - Kachudaram Rd, Dakshin Mohanpur Pt V, Dakshin Mohanpur Pt VI, Assam 788099, India","788099","NA","NA","NA","https://maps.google.com/?cid=3785301410538781225","ChIJw1X1ObdFTjcRKfry1pMXiDQ"
"PURVANCHAL MODEL ACADEMY","Kachudaram, Kachudaram Pt II, Assam 788119, India","788119","NA","NA","NA","https://maps.google.com/?cid=4588921791663716301","ChIJTQzKFZRbTjcRzTcqbg4grz8"
"Sonai Senior Secondary School formerly Sonai Junior College.","PVHQ+X75, Sonai, Assam 788119, India","788119","NA","084868 45252","NA","https://maps.google.com/?cid=16767836953097440887","ChIJtyhwNwNPTjcRd44Ked5Ss-g"
"Pranabananda Vidya Mandir","JWQ6+RJ7, Ban Tarapur Rd, Rukni Pt IV, Sundari Pt III, Assam 788099, India","788099","NA","NA","NA","https://maps.google.com/?cid=4594948756832886160","ChIJc2CQBABFTjcRkJ0lnIyJxD8"
"সৰস্বতী বিদ্যা নিকেতন","Opp. No 12, 12, 2nd Link Rd, Birbal Bazar, Silchar, Assam 788006, India","788006","NA","NA","NA","https://maps.google.com/?cid=11397267064167351307","ChIJ1zmpWjxKTjcRC0T0cQI6K54"
"Ahad Ahmed School","Bariknagar Silchar 788013, Borbond, Saidpur, Saidpur Pt IV, Assam 788118, India","788013","NA","NA","NA","https://maps.google.com/?cid=16523757214320781275","ChIJtY2TQQdJTjcR22djyqMtUOU"
"Surendra Singha Memorial English School","Boaljur (Nowaraj, Singari, Chaengkuri Rd, Silchar, Assam 788007, India","788007","NA","NA","NA","https://maps.google.com/?cid=11598128762416141723","ChIJ36IMUSg1TjcRmxUO76jU9KA"
"Saraswati Bidya Niketan","MW2H+QCF, Kachudaram Pt III, Assam 788099, India","788099","NA","NA","NA","https://maps.google.com/?cid=12236433975313778418","ChIJlcJ-azBFTjcR8kYZgN6L0Kk"
"HOLY ROSE ENGLISH ACADEMY","RRX8+782, Dudpatil, PART VI, Tarapur, Rangpur Pt III, Assam 788002, India","788002","NA","NA","NA","https://maps.google.com/?cid=5726417561935033051","ChIJ44fTgk5LTjcR2zKyxm5SeE8"
"Nehru High School Singari","Singari, RQ59+Q83, Silchar, Assam 788006, India","788006","NA","NA","NA","https://maps.google.com/?cid=9772224510346442483","ChIJAYqiyPQ1TjcR87aQrGrqnYc"
"Tagore Public School","RRM6+5MM, Rongpur Part III, part 4, Rongpur, Silchar, Assam 788009, India","788009","NA","NA","NA","https://maps.google.com/?cid=12528364874420907352","ChIJT3UeAwBLTjcRWO1WpHmx3a0"
"Brajapur Vidya Niketan","WXC2+C87, Salganga, Assam 788031, India","788031","NA","NA","NA","https://maps.google.com/?cid=5275012806408242716","ChIJ6xu4BEetTzcRHIaZ_zKcNEk"
"Blue Bells School","RRR5+5C6, Mela Rd, Malugram, Silchar, Assam 788002, India","788002","NA","NA","NA","https://maps.google.com/?cid=5057940674109349826","ChIJM1m9kPpKTjcRwp9Jtz5qMUY"
"Shri Kachakanti Mandir - Udharbond, Cachar, Assam, India","VVJH+QW4, Doloo Rd, Udarbond, Assam 788030, India","788030","NA","03841 280 643","NA","https://maps.google.com/?cid=4606744780328081370","ChIJrd5H0jWzTzcR2hdXWvhx7j8"
"Ananda Marga School, Haflong","Ram Nagar, Halflong East, Haflong, Assam 788819, India","788819","NA","NA","http://anandamarga.org/","https://maps.google.com/?cid=17176346847812322393","ChIJV4PV0v2jTzcRWQTBMnSkXu4"
"Udharbond Shiksha Sadan","VVJJ+5C2, Udarbond, Assam 788030, India","788030","NA","094353 71803","NA","https://maps.google.com/?cid=11187197620723943095","ChIJtYvsRDSzTzcRt4ZYt_boQJs"
"Gurukul English Medium School","VVHP+HJG, Dayapur Road, Road, Doyapore Pt II, Assam 788030, India","788030","NA","NA","NA","https://maps.google.com/?cid=16235895141051350993","ChIJy4BnvN2zTzcR0T_b_Jt8UeE"
"Pioneer Academy,Asimganj","Asimganj Bazar, Jamirala, Assam 788724, India","788724","NA","NA","NA","https://maps.google.com/?cid=15920980654071083722","ChIJYYZt6yjbUTcRyvLFSY2v8tw"
"PROGRESSIVE SCHOOL","Mission Road, Dighirpar Rd, Badarpur, Assam 788806, India","788806","NA","099540 65040","NA","https://maps.google.com/?cid=12404622999479469902","ChIJjVizSSctTjcRTkedQOUSJqw"
"A. K memorial national academy","6PJP+RRP, Rangalu Gaon, Sutar Gaon, Assam 782427, India","782427","NA","NA","NA","https://maps.google.com/?cid=5040696605777390548","ChIJGUw1IgAjRTcR1OvgL9sm9EU"
"Blossom World Senior Secondary School","QRF9+P82, Saidpur, Saidpur Pt I, Assam 788013, India","788013","NA","NA","NA","https://maps.google.com/?cid=13620252690176406786","ChIJ876TtNhJTjcRAvUFlajbBL0"
"Oriental Collegiate Academy","Q8RH+RH9, Ranibari, Assam 788722, India","788722","NA","NA","NA","https://maps.google.com/?cid=8064892652142925092","ChIJS2rMO9jTUTcRJBWjMiNB7G8"
"ROYAL HIGHER SECONDARY SCHOOL","Suhel Den, Ratanpur Rd, Bandukmara Grant, Hailakandi, Assam 788155, India","788155","NA","NA","NA","https://maps.google.com/?cid=12545297249330405823","ChIJk3MMEoQlTjcRvyEGZGHZGa4"
"Jk Memorial English School","Po:Madaripar, Dist:Hailakandi, Kalacherra Road, Bamon Leikai, Lala, Rajyeswarpur Pt VI, Assam 788163, India","788163","NA","081338 70362","https://jkmemorialenglishschool.in/","https://maps.google.com/?cid=7198114582521678642","ChIJ2d3TDbw9TjcRMovDVxPX5GM"