"SchoolName","Address","Pincode","ContactEmail","ContactPhone","Website","GMapLink","PlaceID"
"Mandre High School","MP6P+X57, Mandrem, Goa 403527, India","403527","NA","NA","NA","https://maps.google.com/?cid=6544583016434292188","ChIJLe9QUpfuvzsR3NWeKZQH01o"
"Viscount High School","Viscount High School, Pernem, Goa 403512, India","403512","NA","NA","NA","https://maps.google.com/?cid=1015407269671096447","ChIJDVw7rXntvzsRf1AYK4hzFw4"
"St Anne's High School, Tormas","St. Anne's School Tormas, Alorna, Goa 403513, India","403513","NA","NA","NA","https://maps.google.com/?cid=12608797180225418254","ChIJAzgrQhmTvzsRDnRILDty-64"
"Shree Sateri primary school","JQW7+VCW, Agarvada, Agarwada-Chopdem VP, Goa 403519, India","403519","NA","NA","NA","https://maps.google.com/?cid=6338210906166032752","ChIJ-w51JA7svzsRcHmI5TzZ9Vc"
"Dattaram Mantravadi Memorial Pre Primary, Primary and High School Ansabhat","HRV5+M33, Mapusa, Goa 403507, India","403507","NA","NA","https://devsecura.com/","https://maps.google.com/?cid=6112539625780798112","ChIJZaUeXx3rvzsRoOIpbmca1FQ"
"St.Anthony's Primary School","HRW2+GWV, Ghateshwar Nagar, Sonar Vaddo, Khorlim, Mapusa, Goa 403507, India","403507","NA","NA","NA","https://maps.google.com/?cid=12496942936667233102","ChIJXfpBSgLrvzsRTptgpmMPbq0"
"Eden Primary & Pre Primary School","Vrundavan Building, Duler Ground Rd, Fiera Alto, Mapusa, Goa, Mapusa, Goa 403507, India","403507","NA","0832 225 1712","NA","https://maps.google.com/?cid=11550017457817774862","ChIJ5-FweeHqvzsRDuvJ6q7nSaA"
"St Ann's Blooming Buds School, Cansa, Tivim","JVG9+6JW, Sirsai, Bodiem, Goa 403502, India","403502","NA","0832 229 8960","http://www.stanntivim.org/","https://maps.google.com/?cid=18393380714531090747","ChIJ89t9SJSUvzsRO3ElvE5qQv8"
"Future Hope School","1/8, Rowland Road, Lala Lajpat Rai Sarani, Rowland Row, Ballygunge, Kolkata, West Bengal 700020, India","700020","NA","033 2476 1060","https://www.futurehope.net/","https://maps.google.com/?cid=12742112477703444462","ChIJxUkuCD13AjoR7heWsckT1bA"
"Babyland Primary School","Kamoti Vaddo, Candolim, Goa 403515, India","403515","NA","NA","NA","https://maps.google.com/?cid=15089671963050006595","ChIJgbj0rJTBvzsRQ1jErrNIadE"
"Good shepherd school","GRGW+5C, Britona, Alto Porvorim, Penha de Franc, Salvador du Mundu, Goa 403101, India","403101","NA","NA","NA","https://maps.google.com/?cid=11216896715888140682","ChIJ_zB2sqS_vzsRiiHCKCJsqps"
"Holy Cross Primary School","Camurlim, Goa 403507, India","403507","NA","075070 07638","http://holycrossgo.in/","https://maps.google.com/?cid=17234809470133721116","ChIJpXC7xBXtvzsRHNjbLuZXLu8"
"Little Angel's Primary And Kindergarten School","Dosoxira, Bouta Waddo, Mapusa, Assagao, Goa 403509, India","403509","NA","NA","NA","https://maps.google.com/?cid=225360959327433256","ChIJ-czOf0rqvzsRKPLzNpmkIAM"
"St. Ritas High School","Shop No. 479, Kolval, Goa 403517, India","403517","NA","NA","NA","https://maps.google.com/?cid=18083525981009001377","ChIJVVVVVajsvzsRobuWsBGX9fo"
"Shri Ram Vidya Mandir School","JRGG+HRG, Mini Satellite Twp, Kolval, Goa 403517, India","403517","NA","093595 09540","NA","https://maps.google.com/?cid=14113669548449371407","ChIJ347QrEXrvzsRD5WSSK3T3cM"
"Rose Garden Primary School","Porvorim, Alto, GRP9+QFR, Porvorim, Penha de Franc, Goa 403501, India","403501","NA","NA","NA","https://maps.google.com/?cid=5802758775521521452","ChIJzUAD4RfAvzsRLK89rFyKh1A"
"THE ARDEE SCHOOL, GOA","193, GRR8+H2V Bella Vista Vaddo, Alto, Alto Porvorim, Porvorim, Sangolda, Goa 403522, India","403522","NA","1800 102 7333","https://goa.theardeeschool.com/","https://maps.google.com/?cid=44190050876696538","ChIJVVVVVTzAvzsR2qcc_Z3-nAA"
"Mater Dei Institution","Bairro Alto, GQVJ+2GG, Saligao, Goa 403511, India","403511","NA","0832 227 8381","NA","https://maps.google.com/?cid=16255853960424210144","ChIJb6aCldnBvzsR4D62vwxlmOE"
"Seminary of Our Lady, Saligao-Pilerne","GQPW+QXF, Rd, opposite Pilerne Industrial Estates, Saligao, Pilern, Goa 403511, India","403511","NA","098225 82332","NA","https://maps.google.com/?cid=10692075739533475060","ChIJ2aT1ei3AvzsR9Px2bjziYZQ"
"Green Meadows School","Nagva, Saligao, Goa 403511, India","403511","NA","093075 64749","http://www.greenmeadowsschool.in/","https://maps.google.com/?cid=16947679830034598549","ChIJzUkLjnHqvzsRlcpDRANBMus"
"Joedells Primary School","HQVX+286, Khorlim, Mapusa, Goa 403507, India","403507","NA","NA","NA","https://maps.google.com/?cid=2543777546510982362","ChIJmybsE2jrvzsR2txmdzNQTSM"
"Bloomingdale Primary School","Gr. Floor, BUG4, Slywan Residency, Duler Ground Rd, Dangui Colony, Mapusa, Goa 403507, India","403507","NA","NA","NA","https://maps.google.com/?cid=12783892376904964094","ChIJVzB_ZmfrvzsR_pc-hGKCabE"
"Chubby Cheeks Spring Valley High School","Green Valley, Porvorim, Pilern, Goa 403521, India","403521","NA","0832 290 1609","http://www.chubbycheeksspringvalleyhs.com/","https://maps.google.com/?cid=10534364809199991282","ChIJOe8SUiLAvzsR8rm9AvuUMZI"
"Kids Kingdom","Behind Sai Service, Near Hero Honda Showroom, Journalist Colony, Alto Porvorim, Penha de Franc, Goa 403521, India","403521","NA","0832 241 4887","NA","https://maps.google.com/?cid=15370106415305068073","ChIJZyePfnnAvzsRKQ42tFmWTdU"
"Jnyan Vikas School","Plot C, Nova Cidade Enclave, PDA Colony, GRFF+PQ6, Bardez, PDA Colony, Alto Porvorim, Pilern, Goa 403501, India","403501","NA","0832 241 0150","http://www.jnyanvikasschool.com/","https://maps.google.com/?cid=4426864870890581486","ChIJJWYbgGzAvzsR7q0WQiVibz0"
"PRIMROSE PRIMARY SCHOOL","GRFP+Q34, Alto Porvorim, Penha de Franc, Goa 403101, India","403101","NA","0832 241 5288","NA","https://maps.google.com/?cid=17326405121380815057","ChIJsbckkHPAvzsR0ZBpnqjBc_A"
"Maria Vitoria Gurjao School","Journalist Colony, Alto Porvorim, Bardez, Penha de Franc, Goa 403501, India","403501","NA","NA","NA","https://maps.google.com/?cid=14703694607888923644","ChIJO5ksg5PBvzsR_LsLpVcEDsw"
"Holy Family Primary School","Panchayat, near Aradi Socorro, Kamat Nagar, Sabnis Valley, Porvorim, Aradi Socorro, Goa 403501, India","403501","NA","0832 241 3000","NA","https://maps.google.com/?cid=8610017351088673178","ChIJAQAAQHHAvzsRmhGXuSntfHc"
"Stepping Stone primary School","GRCW+627, next to St. Peter's Chapel, Britona, Alto Porvorim, Penha de Franc, Goa 403101, India","403101","NA","098233 52322","NA","https://maps.google.com/?cid=3070453530150630765","ChIJCdbeAIm_vzsRbfX4uzdxnCo"
"Shiksha Niketan School","GRJR+85X, Alto Porvorim, Penha de Franc, Salvador du Mundu, Goa 403101, India","403101","NA","0832 240 9432","NA","https://maps.google.com/?cid=16879599409304182695","ChIJAQAAABnAvzsRpx94FjtiQOo"
"Holy Trinity I.C.S.E School","G1,G2, Jewel Plaza, Peddem, Mapusa, Goa 403507, India","403507","NA","NA","NA","https://maps.google.com/?cid=6429335153121594231","ChIJF4wCLwDrvzsRd4u-90GWOVk"
"Divine Mercy High School","Gaunsavaddo, Mapusa, Goa 403507, India","403507","NA","099234 77005","NA","https://maps.google.com/?cid=4467232669842293288","ChIJjRaFwSDrvzsRKEL43nHM_j0"
"Kidscamp & Young Achievers Primary School","Mathias Hill Park , Electricity Dep Road ,Alto Porvorim, Defence Colony, Porvorim, Aradi Socorro, Goa 403521, India","403521","NA","098221 42825","NA","https://maps.google.com/?cid=6024088464390424430","ChIJnbmXW0rrvzsRbgeFl4rcmVM"
"St. Francis School, Duler","Petrol Pump, Duler Ground Rd, next to Duler, Karaswada, Mapusa, Goa 403526, India","403526","NA","063605 58385","NA","https://maps.google.com/?cid=3752037073227992979","ChIJIcXn4eLrvzsRk8_ZxdbpETQ"
"Shivaji Raje High School","kholpewadi, MXH6+7XW, Sal, Goa 403503, India","403503","NA","0832 238 9188","NA","https://maps.google.com/?cid=14096921829610171135","ChIJW6jxXxSRvzsR_ypdILdTosM"
"Rotary Club English Medium Primary School","HXQ3+G2J, Dicholi, Goa 403529, India","403529","NA","NA","NA","https://maps.google.com/?cid=3584276123999518174","ChIJM7SBvG6WvzsR3r3n-yTovTE"
"Gurudas Gauns High School","Gokulwadi, Sesa Colony, Desai Nagar, Sanquelim, Goa 403505, India","403505","NA","NA","NA","https://maps.google.com/?cid=18096273236427593957","ChIJ-3xFW1m9vzsR5disX6HgIvs"
"Shri Bhumika HSS Parye","Post Sanquelim, Parye, Satari, Pariye, Goa 403505, India","403505","NA","0832 236 8130","NA","https://maps.google.com/?cid=10654458114173271771","ChIJVVVVFU2YvzsR236TgTQ93JM"
"Seventh Day Adventist English School","FRVJ+XC7, Filipe Neri Xavier Road, Fontainhas (quarter), Altinho, Panaji, Goa 403001, India","403001","NA","0832 222 3468","NA","https://maps.google.com/?cid=7712893191502506819","ChIJS2MMQ4XAvzsRQysJNn6zCWs"
"Tiny Tots Primary school","FRPJ+PGP, Av. Teófilo Braga, Electricity Colony, Altinho, Panaji, Goa 403001, India","403001","NA","NA","NA","https://maps.google.com/?cid=9730868545659359858","ChIJlULI65nAvzsRclIMzGL9Coc"
"Sharada Mandir School, Kadamba","Survey No. 34 / 1-B, Goalim Movla, Dongrim, Goa 403110, India","403110","NA","0832 665 2600","http://www.sharadamandir.edu.in/","https://maps.google.com/?cid=12716155804682073007","ChIJUbAuhIa_vzsRr7OYzlTceLA"
"The Goa State Jawahar Bal Bhavan - Panaji, Goa, India","St Inez Rd, opp. parade ground, Campal, Miramar, Panaji, Goa 403001, India","403001","NA","0832 222 6823","NA","https://maps.google.com/?cid=8986933159967881773","ChIJFeltRezAvzsRLXoQHBgAuHw"
"Mushtifund Primary School","FRWG+8CF, Dr Dada Vaidya Rd, Near Mahalaxmi Temple, Altinho, Panaji, Goa 403001, India","403001","NA","NA","NA","https://maps.google.com/?cid=4545659869816469351","ChIJAay7Xo7AvzsRZ7coUpFtFT8"
"Royal High School","FR8G+6JM, Bandh Vaddo, Taleigao, Goa 403002, India","403002","NA","NA","NA","https://maps.google.com/?cid=12011243905321306188","ChIJIZukerHAvzsRTIhAj7GCsKY"
"Saint Micheal Primary School","FRGC+38P, Cardoz Waddo, Taleigao, Goa 403002, India","403002","NA","NA","NA","https://maps.google.com/?cid=17415216454951731593","ChIJxbV24bLBvzsRiYHvkxhHr_E"
"Navyug Niketan School","FRC5+PHV, Miramar, Panaji, Goa 403002, India","403002","NA","0832 246 3536","NA","https://maps.google.com/?cid=18273305542593594692","ChIJl31y5sDBvzsRRMV3KpPSl_0"
"Our Lady of Help Primary School","GV37+XRG, Ilhas, Ribandar, Goa 403006, India","403006","NA","NA","NA","https://maps.google.com/?cid=5952137912734173172","ChIJOwF6zOC_vzsR9MenVuU9mlI"
"Little Angels Primary School","CVJX+Q2F, Pequeno Mercurim, Agaçaim, Goa 403104, India","403104","NA","NA","NA","https://maps.google.com/?cid=11428844137136280610","ChIJeZolBRu5vzsRIlRQqzBpm54"
"Ezekial Methodist school","Type 4, Gmc Quarters, Block-bfl No-1, Bambolim, Bambolim, Goa, Bambolim, Goa 403202, India","403202","NA","0832 245 8508","NA","https://maps.google.com/?cid=8089046290417507742","ChIJTU0EVli_vzsRnt0GWL4QQnA"
"Mercury Army Pre Primary School","FVC8+V9W, Shivaji Nagar, Mersi Tem, Goa 403201, India","403201","NA","NA","NA","https://maps.google.com/?cid=14079317005038550689","ChIJO3J07PS_vzsRoX5wfTjIY8M"
"Montessori Primary School & Kindergarten","CVVF+8FJ, Maina, Goa Velha, Goa 403108, India","403108","NA","NA","NA","https://maps.google.com/?cid=10446621784433878933","ChIJYUd5ycO4vzsRlecJFCrb-ZA"
"EPHIGENIA ENGLISH SCHOOL","Top Floor, Dias Building, Bondir, Santa Cruz, Goa 403005, India","403005","NA","098221 04617","NA","https://maps.google.com/?cid=11850913718114821940","ChIJU6MxuF6_vzsRNKcJ4DzndqQ"
"Kidz World Primary School","FR9X+VPH, Cabesa Ward, Santa Cruz, Goa 403202, India","403202","NA","NA","NA","https://maps.google.com/?cid=10290570149405586302","ChIJ3-qR4FC_vzsRfvOOcwdzz44"
"Mary Angles Primary School","FVH2+XPM, Unnamed Road, Merces, Bambolim, Mersi Tem, Goa 403006, India","403006","NA","NA","NA","https://maps.google.com/?cid=1239322410023419809","ChIJ8Wlxw-m_vzsRoX-gayr1MhE"
"Green Meadows School","Nagva, Saligao, Goa 403511, India","403511","NA","093075 64749","http://www.greenmeadowsschool.in/","https://maps.google.com/?cid=16947679830034598549","ChIJzUkLjnHqvzsRlcpDRANBMus"
"Saint Micheal Primary School","FRGC+38P, Cardoz Waddo, Taleigao, Goa 403002, India","403002","NA","NA","NA","https://maps.google.com/?cid=17415216454951731593","ChIJxbV24bLBvzsRiYHvkxhHr_E"
"Sunshine Worldwide School","20/1-B, Kadamba Road, off NH-748 By-pass, Baingini, Old Goa, Goa 403402, India","403402","NA","098503 23818","http://www.sunshineworldwideschool.com/","https://maps.google.com/?cid=1196183102896434511","ChIJv05MB-q-vzsRT213xjGymRA"
"Fr. Agnel Central School,Pilar.","CVQR+V2Q, Pilar, Goa 403402, India","403402","NA","0832 221 7270","http://www.fragnelcentralschool.org/","https://maps.google.com/?cid=6485039935801950417","ChIJibwkzh-5vzsR0YCyX3Z9_1k"
"Fairyland Kindergarten School","Pegado Building Forgottem, Goa Velha, Goa 403108, India","403108","NA","0832 221 9873","NA","https://maps.google.com/?cid=9429932017161260105","ChIJq6qqaqi5vzsRScz6KjXZ3YI"
"People's High School","FRVJ+VMQ, Rua de Ourém, Fontainhas (quarter), Mala, Panaji, Goa 403001, India","403001","NA","0832 243 6562","NA","https://maps.google.com/?cid=11354318543357642054","ChIJdT_FOIXAvzsRRoV2s46kkp0"
"The Rosary Primary School","El Paso, La Campala Colony, Miramar, Panaji, Goa 403001, India","403001","NA","0832 246 2343","NA","https://maps.google.com/?cid=7422016753020881585","ChIJBdNQzuvAvzsRscrO0OlMAGc"
"Sharada Mandir School, Miramar","Dr Jack De Sequeira Rd, Miramar, Miramar, Panaji, Goa 403001, India","403001","NA","0832 246 3403","http://www.sharadamandir.edu.in/","https://maps.google.com/?cid=3591023862961927298","ChIJaVfrgcLAvzsRgvTLYy3h1TE"
"Dempo Higher Secondary School of Science","FRJ6 + X47, opp. Dhempe College of Arts & Science, Miramar, Panaji, Goa 403001, India","403001","NA","094055 04783","https://dempopace.co.in/","https://maps.google.com/?cid=1339278395533200482","ChIJbXIt18PAvzsRYowc3ZoSlhI"
"Mustifund Aryaan High School","FRXG+394, Dr P Shivgaonkar Rd, Altinho, Panaji, Goa 403001, India","403001","NA","NA","NA","https://maps.google.com/?cid=823760998421344635","ChIJWZaxwY7AvzsRe7G5ekOWbgs"
"The Gera School","The Gera School, Survey No.13/1-A(Part, Panelim Village, Sao Pedro, Kadamba Plateau, Opposite Viva Housing Project,New, Tiswadi Taluka, Old Goa Road, Panjim, GOA, Goa 403402, India","403402","NA","088888 11114","https://www.thegeraschool.com/","https://maps.google.com/?cid=9057600075348993955","ChIJ6W8DEB6_vzsRo2e6gEcPs30"
"MEF's Fatima High School","C244+HQM Nagamasjid, opp. Fatima School . Nagamasjid, Curti, Ponda, Goa 403401, India","403401","NA","0832 231 4027","https://www.meffatimaponda.in/","https://maps.google.com/?cid=11542303810941798066","ChIJldE21MG6vzsRssbSjCmALqA"
"G V M's K.G. & Primary School","Bus Stand, Old, Road, opp. Heritage Princes Building, Khadpabandh, Ponda, Goa 403401, India","403401","NA","0832 231 4811","https://gvmponda.com/g-v-ms-kg-primary-school-ponda-goa/","https://maps.google.com/?cid=7317781640099872178","ChIJ0bVnNrm6vzsRsj0HYqH7jWU"
"Vidhya Vruddhi School - Ponda Goa","Kurtarkar Nagri, Shanti Nagar, Ponda, Goa 403401, India","403401","NA","098509 64765","http://www.kidsnest.org/","https://maps.google.com/?cid=7998258708023011879","ChIJv_Fklr26vzsRJ-piGeuF_24"
"GVM's Adarsh Higher Secondary School","C223+94Q, Khadpabandh, Ponda, Goa 403401, India","403401","NA","NA","NA","https://maps.google.com/?cid=1147006170041068789","ChIJl_aztP67vzsR9ax62Aj86g8"
"GVM's Utkarsh Vidyamandir, Ponda Goa जिवीएम उत्कर्ष विद्यामंदिर, फोंडें गोंय","C223+94X, Khadpabandh, Ponda, Goa 403401, India","403401","NA","NA","https://utkarshvidyamandir.com/","https://maps.google.com/?cid=18078390237434679004","ChIJJRTQ2D67vzsR3A4vNSNY4_o"
"G V M's K.G. & Primary School","Bus Stand, Old, Road, opp. Heritage Princes Building, Khadpabandh, Ponda, Goa 403401, India","403401","NA","0832 231 4811","https://gvmponda.com/g-v-ms-kg-primary-school-ponda-goa/","https://maps.google.com/?cid=7317781640099872178","ChIJ0bVnNrm6vzsRsj0HYqH7jWU"
"G V M's K.G. & Primary School","Bus Stand, Old, Road, opp. Heritage Princes Building, Khadpabandh, Ponda, Goa 403401, India","403401","NA","0832 231 4811","https://gvmponda.com/g-v-ms-kg-primary-school-ponda-goa/","https://maps.google.com/?cid=7317781640099872178","ChIJ0bVnNrm6vzsRsj0HYqH7jWU"
"Pragati Vidhya Mandir","SHIVNAGARI, FARMAGUDI, Donshiwado, Ponda, Bandiwada, Goa 403401, India","403401","NA","0832 675 0843","https://pragatividhyamandir.in/","https://maps.google.com/?cid=7688771356191866393","ChIJ_____4-6vzsRGb4Dxc8AtGo"
"Gurukul Academy Ponda","Sainagar, Durgabhat, Ponda, Goa 403401, India","403401","NA","098224 17989","https://gurukulacademyponda.com/","https://maps.google.com/?cid=12853460719470885265","ChIJscs7aLq6vzsRkbl_fmyqYLI"
"G V M's K.G. & Primary School","Bus Stand, Old, Road, opp. Heritage Princes Building, Khadpabandh, Ponda, Goa 403401, India","403401","NA","0832 231 4811","https://gvmponda.com/g-v-ms-kg-primary-school-ponda-goa/","https://maps.google.com/?cid=7317781640099872178","ChIJ0bVnNrm6vzsRsj0HYqH7jWU"
"ESTELLAR ACADEMY","Maratha Bhavan, behind CHODANKAR HOSPITAL, near COQUEIRO CIRCLE, Alto Porvorim, Penha de Franc, Goa 403521, India","403521","NA","077966 57176","NA","https://maps.google.com/?cid=11633145028040565742","ChIJ5wDXJzLBvzsR7qP1mMQ7caE"
"Podar International School And Podar Prep Panelim - Goa","Panelim, Survey no 13/1-C, Kadamba Plateau, Vida uptown, Panjim Belgaum Road, Velha, Baingini, Goa 403402, India","403402","NA","074280 92055","https://www.podareducation.org/school/panelim/?utm_source=gmb&utm_medium=organic&utm_campaign=gmb_goa_panelim_cbse","https://maps.google.com/?cid=16744937300916805067","ChIJ5VDyLRq_vzsRy51Vt8H3Yeg"
"Paradise School Goa","Risila Maison, HNO 319A Canca, Abaxio Vaddo, Verla, Parra, Goa 403510, India","403510","NA","NA","http://www.paradiseschoolgoa.com/","https://maps.google.com/?cid=18094066888376353056","ChIJ078-4bjrvzsRIIHU7_cJG_s"
"Chubby Cheeks Spring Valley High School","Green Valley, Porvorim, Pilern, Goa 403521, India","403521","NA","0832 290 1609","http://www.chubbycheeksspringvalleyhs.com/","https://maps.google.com/?cid=10534364809199991282","ChIJOe8SUiLAvzsR8rm9AvuUMZI"
"Nammura Model Primary School","67, near Nammura Hotel, Marenahalli, 2nd Phase, J. P. Nagar, Bengaluru, Karnataka 560078, India","560078","NA","090190 59692","NA","https://maps.google.com/?cid=13806610651619326870","ChIJFWrthQwVrjsRlvvksTzvmr8"